PaymentMethod,ChurnRate,CustomerCount
Electronic check,45.28541226215645,2365
Mailed check,19.106699751861044,1612
Bank transfer (automatic),16.709844559585495,1544
Credit card (automatic),15.243101182654403,1522
