TenureCohort,ChurnRate,CustomerCount
0–12 mo,47.438243366880144,2186
13–24 mo,28.7109375,1024
25–48 mo,20.388958594730237,1594
49–72 mo,9.513175524787853,2239
