InternetService,ChurnRate,CustomerCount
Fiber optic,41.89276485788114,3096
DSL,18.95910780669145,2421
No,7.404980340760157,1526
