Contract,ChurnRate,CustomerCount
Month-to-month,42.70967741935484,3875
One year,11.269517990495586,1473
Two year,2.831858407079646,1695
