Method,Point_Biserial_Correlation,P-Value
Isolation Forest,-0.27338506706129084,5.9324842230131524e-121
LOF,0.008367106291225201,0.4826312522703952
